source,ticker,horizon,model,n,mae,rmse,dir_acc,corr,spearman_ic,bias
e1,AAPL,5,elasticnet,3780,0.030337094487860095,0.04004639027437135,0.5380952380952381,-0.006252106484454448,0.004619160144482749,0.00267812210900637
e1,AAPL,5,ens_best_recent_expanding,3780,0.030467322344216053,0.04025282668738553,0.5291005291005291,-0.035377319258797335,-0.028756880957559915,0.0027426031889010716
e1,AAPL,5,ens_best_recent_last3,3780,0.03014992160217614,0.03984911833309975,0.5457671957671958,-0.008790044821114925,-0.001493591643402585,0.0024897838360997473
e1,AAPL,5,ens_equal_expanding,3780,0.029861816107580246,0.03939658062246285,0.5455026455026455,-0.017604659241748387,-0.025121496256124472,0.0027233911022978763
e1,AAPL,5,ens_inv_mae_expanding,3780,0.02985923307109917,0.039395987800304524,0.5455026455026455,-0.0189371945357052,-0.026608103322833226,0.0027449009841552263
e1,AAPL,5,ens_inv_mae_last3,3780,0.029854012681727656,0.03939508081622311,0.5452380952380952,-0.01865560264963627,-0.02625965880593386,0.002724404103624776
e1,AAPL,5,ens_mae_da_expanding,3780,0.029818284482295617,0.03940723892191436,0.5478835978835979,-0.037271203540504234,-0.0366210664777815,0.002924125849833265
e1,AAPL,5,ens_mae_da_last3,3780,0.029818847645853564,0.03945514301295323,0.5518518518518518,-0.03353084183552743,-0.02786251735885997,0.0025373983216334067
e1,AAPL,5,ens_softmax_ic_expanding,3780,0.02998532647275212,0.03957489581866311,0.5462962962962963,-0.027332876698464462,-0.030003898040775395,0.0026335867446720066
e1,AAPL,5,ens_softmax_ic_last3,3780,0.029921582093218685,0.039502700636783114,0.546031746031746,-0.016233119008213878,-0.01668768655344105,0.0024362347934179782
e1,AAPL,5,huber,3780,0.030407413193689933,0.0400795412184244,0.5283068783068783,-0.015337498182094154,-0.006669560813140733,0.0019294708166517508
e1,AAPL,5,lgbm_reg,3780,0.029842604213581314,0.03929314356533821,0.5476190476190477,-0.026294506164931567,-0.03402779172588954,0.0027942943590686348
e1,AAPL,5,pls,3780,0.02969949873171504,0.039356626684610846,0.5558201058201058,-0.004114108473977728,0.009653596912788534,0.0033458992666742875
e1,AAPL,5,xgb,3780,0.03062990493337732,0.04029815855973418,0.5343915343915344,-0.020811485759472045,-0.031192315290266573,0.0028691689600883366
e1,AAPL,21,elasticnet,3780,0.06987973658371194,0.08887456465204292,0.5597883597883598,0.027236108971509486,0.03795788657437607,0.011509987482887903
e1,AAPL,21,ens_best_recent_expanding,3780,0.06818909037808776,0.08666162749720002,0.5693121693121693,0.010325417781036893,0.03547381574111187,0.011238237678751753
e1,AAPL,21,ens_best_recent_last3,3780,0.06756681031260013,0.08607245211512984,0.5772486772486772,-0.008072428037067944,0.006609763494180413,0.011714975551647498
e1,AAPL,21,ens_equal_expanding,3780,0.0671785690215049,0.08531073224475719,0.5902116402116402,0.02061215161219867,0.02486550569218193,0.013013781101510922
e1,AAPL,21,ens_inv_mae_expanding,3780,0.06690283397119118,0.08491243156411907,0.5931216931216932,0.019741378255145804,0.019975523333233314,0.012850720276603491
e1,AAPL,21,ens_inv_mae_last3,3780,0.06700770382517854,0.08504029935945454,0.5907407407407408,0.01791128887965545,0.01967299174355052,0.012939443794145637
e1,AAPL,21,ens_mae_da_expanding,3780,0.06614417679722322,0.08380060447969903,0.5912698412698413,0.01598618359670081,-0.009336308983008376,0.012146398112909162
e1,AAPL,21,ens_mae_da_last3,3780,0.06656862711734758,0.08429674140713857,0.5833333333333334,0.016694596748761018,0.008090771723492225,0.01320959429213869
e1,AAPL,21,ens_softmax_ic_expanding,3780,0.06724600270200615,0.08536527431420862,0.5830687830687831,0.0052472677735828,0.020635006063310517,0.012015392335794427
e1,AAPL,21,ens_softmax_ic_last3,3780,0.06773089842310251,0.08595134238660081,0.5814814814814815,-0.0007299727283848581,0.01187019856691665,0.012035833304622311
e1,AAPL,21,huber,3780,0.07153701054638124,0.09108007957228591,0.5727513227513228,0.015489354240011206,0.029370462631179938,0.01638400067954067
e1,AAPL,21,lgbm_reg,3780,0.06561881218346832,0.08326308496657767,0.5902116402116402,0.02022619641411027,-0.01581863177063265,0.010364270777144545
e1,AAPL,21,pls,3780,0.06730296629132201,0.08529864036963343,0.5925925925925926,0.0327927589235679,0.05138454863510832,0.015278332493204917
e1,AAPL,21,xgb,3780,0.0703772508525648,0.08963300725902076,0.5658730158730159,-0.0028955061500465155,-0.01016331645972234,0.01153231407477656
e1,AAPL,63,elasticnet,3780,0.13389942451747175,0.17150918043739757,0.6312169312169312,0.05552873399763986,0.047539669869841344,0.03726480829016703
e1,AAPL,63,ens_best_recent_expanding,3780,0.12758741977744978,0.16216955324114954,0.6624338624338625,0.06898328101554445,0.02227936783845926,0.037034318076159894
e1,AAPL,63,ens_best_recent_last3,3780,0.12820888826390825,0.16200589335694643,0.6592592592592592,0.08536825323190042,0.043482876490074866,0.03877216290998444
e1,AAPL,63,ens_equal_expanding,3780,0.12606834066776623,0.1611541918456938,0.665079365079365,0.07941437728663442,0.04042224744703727,0.03723742819230862
e1,AAPL,63,ens_inv_mae_expanding,3780,0.12495703216769842,0.15955099314320065,0.665079365079365,0.08649653874919702,0.045865881758174507,0.0375907073874717
e1,AAPL,63,ens_inv_mae_last3,3780,0.12495414500361882,0.15972301815290954,0.6637566137566138,0.08587989442537963,0.04810950411422514,0.03741695663296003
e1,AAPL,63,ens_mae_da_expanding,3780,0.12341910376140207,0.15672126168580228,0.6698412698412698,0.09917744850488176,0.048572396900561574,0.037188554266217186
e1,AAPL,63,ens_mae_da_last3,3780,0.12246631507220637,0.15565285904612894,0.6698412698412698,0.11723569921037996,0.07582263198610417,0.037564768650319956
e1,AAPL,63,ens_softmax_ic_expanding,3780,0.1246624070523376,0.1589663205518872,0.6682539682539682,0.0843740531052856,0.039070377281775204,0.036280935486772845
e1,AAPL,63,ens_softmax_ic_last3,3780,0.12544576781313288,0.15910883654474522,0.6634920634920635,0.09861014747570435,0.05513066173918379,0.03646617187063699
e1,AAPL,63,huber,3780,0.13940292141818802,0.1786459727559096,0.6335978835978836,0.02558506382702517,0.006109911097740733,0.041604507296785394
e1,AAPL,63,lgbm_reg,3780,0.122334217688996,0.15585911823824652,0.6653439153439153,0.0843079389654907,0.04875193354503369,0.03328958196236888
e1,AAPL,63,pls,3780,0.1245677448877071,0.15892063402947923,0.6693121693121693,0.1135886953428644,0.08130865988576987,0.04047080291617284
e1,AAPL,63,xgb,3780,0.1320496778235863,0.16643386345953212,0.6309523809523809,0.09163972404517573,0.05522585845657799,0.03355744049604896
e1,JPM,5,elasticnet,3780,0.030222620816429215,0.04062994185813771,0.5145502645502645,0.08360957351250962,0.044466808762656115,-3.752514432259771e-06
e1,JPM,5,ens_best_recent_expanding,3780,0.02853340408550718,0.038441103017394916,0.5111111111111111,0.092794097163419,0.04088108571459562,0.0008326898293412163
e1,JPM,5,ens_best_recent_last3,3780,0.028747811329657286,0.039024780240077744,0.521957671957672,0.0774644339314238,0.03849002248487019,-0.00038395580736866455
e1,JPM,5,ens_equal_expanding,3780,0.027430383352405992,0.03730243054579167,0.5066137566137566,0.10354585119769283,0.03295247113028098,-0.0007224866265750138
e1,JPM,5,ens_inv_mae_expanding,3780,0.02739326165655634,0.03727548876838842,0.5055555555555555,0.10498228549687944,0.031289512416711025,-0.0005811343382903917
e1,JPM,5,ens_inv_mae_last3,3780,0.027398726536892962,0.03730264297127297,0.5026455026455027,0.1040518491793371,0.030893728571486288,-0.0005900817365389359
e1,JPM,5,ens_mae_da_expanding,3780,0.02793948117226014,0.037837470347372885,0.5108465608465609,0.09888375323775919,0.04639771290082139,0.0001289747607858667
e1,JPM,5,ens_mae_da_last3,3780,0.027887423756906757,0.03781822804717681,0.5296296296296297,0.10232152228698566,0.050266178037284094,0.000373081182544794
e1,JPM,5,ens_softmax_ic_expanding,3780,0.02837274673474629,0.03833239197969986,0.5095238095238095,0.08668188827290493,0.03617464149835275,-3.371949612157253e-05
e1,JPM,5,ens_softmax_ic_last3,3780,0.028329177088079763,0.038325994723010244,0.5063492063492063,0.08407044441969581,0.03256564171342183,-8.325765465144482e-05
e1,JPM,5,huber,3780,0.028243255364094,0.03817874166951204,0.515079365079365,0.10716003630142286,0.049959467786390876,0.001116267219188224
e1,JPM,5,lgbm_reg,3780,0.027195518486727962,0.03712655290823237,0.5177248677248677,0.07594415395192419,-0.014335197667277595,-0.0006020152535336866
e1,JPM,5,pls,3780,0.02822416406300304,0.03797791793326084,0.49603174603174605,0.054589054812267064,0.021833863131096073,-0.0041814884871783
e1,JPM,5,xgb,3780,0.028199228701721722,0.04007578180089633,0.5132275132275133,0.08251645839981203,0.00485712525873563,5.855590308095275e-05
e1,JPM,21,elasticnet,3780,0.06335018868796824,0.08205109307340852,0.5394179894179895,0.18035235633194718,0.11783745502929856,-0.003969430411549169
e1,JPM,21,ens_best_recent_expanding,3780,0.06209445533259791,0.08086194700501215,0.5378306878306879,0.14405551803422678,0.10240987433453852,-0.011111674190207534
e1,JPM,21,ens_best_recent_last3,3780,0.06169291894837111,0.07990833285943003,0.5325396825396825,0.15026118021994492,0.11867967992042573,-0.012385226368508124
e1,JPM,21,ens_equal_expanding,3780,0.056835515103067516,0.07421990396874294,0.532010582010582,0.16041441637929793,0.09083700811217656,-0.005839934492610273
e1,JPM,21,ens_inv_mae_expanding,3780,0.05659400086013404,0.07398762157967648,0.5298941798941799,0.1582822651237935,0.08952422748970562,-0.005682966547937938
e1,JPM,21,ens_inv_mae_last3,3780,0.05659059684262126,0.0739609425575187,0.5322751322751322,0.16082403427362427,0.09334364703952296,-0.005528778315766574
e1,JPM,21,ens_mae_da_expanding,3780,0.057555781639861185,0.07523690478014357,0.5280423280423281,0.1549602468246661,0.0888735239986349,-0.004166050894411183
e1,JPM,21,ens_mae_da_last3,3780,0.05818574544358851,0.07578654027877839,0.524074074074074,0.15833947599229622,0.09186119696969791,-0.003929431223032426
e1,JPM,21,ens_softmax_ic_expanding,3780,0.05849824938239544,0.07621714623601947,0.5365079365079365,0.1604305137323091,0.10036726109173412,-0.007357581227923101
e1,JPM,21,ens_softmax_ic_last3,3780,0.059193240337046045,0.07722001380589305,0.5357142857142857,0.16283561998166401,0.11302700861204928,-0.006896840424630397
e1,JPM,21,huber,3780,0.06018073010651161,0.07854132760075948,0.5465608465608466,0.17399418718764692,0.10926425041386414,8.301320768392435e-05
e1,JPM,21,lgbm_reg,3780,0.05556403969181296,0.07329907063511572,0.5275132275132275,0.10881970123281726,0.030963116675640723,-0.005517998163012563
e1,JPM,21,pls,3780,0.05730602519135325,0.07468736235652042,0.533068783068783,0.13946632463092198,0.11582270721641058,-0.013122088158348958
e1,JPM,21,xgb,3780,0.05897636474592585,0.07794859643087244,0.5301587301587302,0.0679532237051456,0.018965567563435946,-0.006673168937824594
e1,JPM,63,elasticnet,3780,0.10834358930397243,0.13799020221343541,0.587037037037037,0.2580627973946239,0.23665806864008587,-0.022445368797681428
e1,JPM,63,ens_best_recent_expanding,3780,0.10568283514221419,0.1352394628614033,0.6108465608465609,0.24928559130903277,0.23985709678023853,-0.01733202821355968
e1,JPM,63,ens_best_recent_last3,3780,0.10268079402895437,0.13226719874885512,0.6203703703703703,0.23928945414011638,0.22341333715436634,-0.010064897911999349
e1,JPM,63,ens_equal_expanding,3780,0.09931250257741307,0.12763225651648274,0.5894179894179894,0.24490711740679874,0.19719184708046655,-0.023208380105494687
e1,JPM,63,ens_inv_mae_expanding,3780,0.09991618217560992,0.1283886892162145,0.5888888888888889,0.24219238635339022,0.1986026546141518,-0.020609804330480284
e1,JPM,63,ens_inv_mae_last3,3780,0.09968390107172587,0.1280563992232176,0.5888888888888889,0.23950749226095938,0.1903406439600217,-0.019796682054288653
e1,JPM,63,ens_mae_da_expanding,3780,0.10387859064383584,0.13256942121703275,0.5997354497354498,0.251286352735155,0.23913103289605067,-0.01742568491309376
e1,JPM,63,ens_mae_da_last3,3780,0.10111760152560463,0.13032592218885006,0.5891534391534392,0.23157793290899725,0.18267939284962836,-0.015581315769330776
e1,JPM,63,ens_softmax_ic_expanding,3780,0.10547261080757578,0.13453134086799048,0.5986772486772487,0.24770274502755907,0.23387562921043997,-0.02041215257534992
e1,JPM,63,ens_softmax_ic_last3,3780,0.10287515871618468,0.13139721561669812,0.5965608465608465,0.2458064826202949,0.22187270758550076,-0.01571486121613861
e1,JPM,63,huber,3780,0.10561916956712566,0.1351480792430702,0.6116402116402117,0.2689169625355122,0.2484153445403236,-0.015935461179680546
e1,JPM,63,lgbm_reg,3780,0.1000634681917201,0.1269823694313221,0.5656084656084656,0.19700382305370556,0.10483821280349852,-0.017191865716000183
e1,JPM,63,pls,3780,0.10595359270836577,0.13498062045048662,0.558994708994709,0.18010260140698905,0.149905303304678,-0.0390334225116932
e1,JPM,63,xgb,3780,0.10661600228759331,0.13366168075118645,0.5367724867724868,0.15411433695869503,0.07771548301994412,-0.021435782322418103
e1,MSFT,5,elasticnet,3780,0.02525489441141384,0.03376116237268905,0.5362433862433862,0.03959104520495025,0.048870979771798384,-0.00394818237400199
e1,MSFT,5,ens_best_recent_expanding,3780,0.025115583184771254,0.033613719620279724,0.5439153439153439,0.023825284035293978,0.04620858677680372,-0.003201017922839003
e1,MSFT,5,ens_best_recent_last3,3780,0.02490826373178112,0.03319794535406133,0.5587301587301587,0.05697898923071047,0.05742589328894821,-0.0027472639278740066
e1,MSFT,5,ens_equal_expanding,3780,0.02479992539064805,0.03322600278843237,0.558994708994709,0.05103403094996788,0.07089869736788444,-0.0031143981469366026
e1,MSFT,5,ens_inv_mae_expanding,3780,0.02479037571093902,0.03321220021153167,0.56005291005291,0.051367765913075805,0.0710338820739966,-0.003098990894183503
e1,MSFT,5,ens_inv_mae_last3,3780,0.02479046256238294,0.03321255811142461,0.5613756613756614,0.05160742789960753,0.07140368635517487,-0.0030924936864483235
e1,MSFT,5,ens_mae_da_expanding,3780,0.024701609347520862,0.03305190720602586,0.562962962962963,0.05848525379225428,0.07209821116781062,-0.0029631712244450998
e1,MSFT,5,ens_mae_da_last3,3780,0.024722566071196706,0.03306141109384272,0.5619047619047619,0.05783839849666389,0.06909634008138471,-0.002904663849213884
e1,MSFT,5,ens_softmax_ic_expanding,3780,0.024821393837234203,0.033242230903359746,0.5574074074074075,0.04696009541832508,0.06546384761751915,-0.003070249277414166
e1,MSFT,5,ens_softmax_ic_last3,3780,0.024754499117960394,0.033121510368953576,0.5597883597883598,0.06037143289285466,0.07350598060843698,-0.0029716092056135917
e1,MSFT,5,huber,3780,0.025212374029720565,0.03359693578824833,0.5388888888888889,0.04237297086059038,0.04757398951265586,-0.003144630999043809
e1,MSFT,5,lgbm_reg,3780,0.02466247112339203,0.03303118453199901,0.5574074074074075,0.0591542370363552,0.0694253474738874,-0.0026575471499726156
e1,MSFT,5,pls,3780,0.02468683227492936,0.03299916604807082,0.5611111111111111,0.07207316630550901,0.07741906378587977,-0.0030008599266812736
e1,MSFT,5,xgb,3780,0.025429724310964425,0.03411883798285596,0.5473544973544974,0.024642924939562015,0.053204044025969836,-0.0028207702849833267
e1,MSFT,21,elasticnet,3780,0.05374165705974538,0.07069118208963222,0.5312169312169313,-0.026256536094079085,0.008534649083871812,-0.013723378433284262
e1,MSFT,21,ens_best_recent_expanding,3780,0.05335818343534495,0.07030839165293534,0.5211640211640212,-0.0536241572030177,-0.022866599347921575,-0.012623758740790459
e1,MSFT,21,ens_best_recent_last3,3780,0.052751007647921115,0.06850343391810702,0.5314814814814814,-0.022987707544893102,-0.003495480094814168,-0.01186777866130556
e1,MSFT,21,ens_equal_expanding,3780,0.052226920610591365,0.06807947342521152,0.5425925925925926,-0.06659632540936793,-0.022322120782859167,-0.011814914650626611
e1,MSFT,21,ens_inv_mae_expanding,3780,0.05214663591086949,0.06795103191960501,0.5396825396825397,-0.066164856724914,-0.023275581154660024,-0.011702086542515092
e1,MSFT,21,ens_inv_mae_last3,3780,0.052179168079109,0.06796553456911203,0.5394179894179895,-0.06735751344124344,-0.024952245725846974,-0.011710214724187994
e1,MSFT,21,ens_mae_da_expanding,3780,0.051751001869965896,0.06752518392105454,0.5462962962962963,-0.0443976893875614,-0.003223968897481983,-0.011979332026253798
e1,MSFT,21,ens_mae_da_last3,3780,0.05194215723965311,0.06752738972936184,0.5444444444444444,-0.051672332899240794,-0.023955739888022604,-0.012338264793351298
e1,MSFT,21,ens_softmax_ic_expanding,3780,0.052511933064213076,0.0689689414411138,0.5335978835978836,-0.04573359212005996,-0.014327467328749765,-0.011962860441991387
e1,MSFT,21,ens_softmax_ic_last3,3780,0.05233869677251465,0.06816183440979211,0.5439153439153439,-0.03681894629692957,-0.0056071048126596175,-0.011937120036359886
e1,MSFT,21,huber,3780,0.05321678591746678,0.06986965614206059,0.5492063492063493,-0.025712332300740694,0.0001787888446667989,-0.01150467366199577
e1,MSFT,21,lgbm_reg,3780,0.052292074518184656,0.06691056436221222,0.5280423280423281,-0.06656781046606325,-0.051771962053603036,-0.010171426473151049
e1,MSFT,21,pls,3780,0.05138241371964109,0.0670762786375949,0.5595238095238095,-0.043120340476371595,0.012797747919944388,-0.011229274997309089
e1,MSFT,21,xgb,3780,0.05560925359035252,0.07209825496809774,0.515079365079365,-0.1286707325146447,-0.07725795226782418,-0.012445819687392893
e1,MSFT,63,elasticnet,3780,0.0979220925450092,0.12609507841406623,0.5682539682539682,-0.04203594824509655,-0.016876309102834542,-0.03133966183199209
e1,MSFT,63,ens_best_recent_expanding,3780,0.09641401023437655,0.12184784942767392,0.5748677248677249,-0.10391491342428444,-0.09559973004608785,-0.027977035066536843
e1,MSFT,63,ens_best_recent_last3,3780,0.09601862842339598,0.12128408705144887,0.5835978835978836,-0.09509318248371648,-0.08498131511505219,-0.027463808459977593
e1,MSFT,63,ens_equal_expanding,3780,0.09602731511206491,0.12213053259742258,0.6,-0.06439487651032169,-0.056447143780294196,-0.030854923974775572
e1,MSFT,63,ens_inv_mae_expanding,3780,0.09600050528229581,0.12207050867121307,0.6010582010582011,-0.06608123822983107,-0.05888520048532196,-0.03065637612641612
e1,MSFT,63,ens_inv_mae_last3,3780,0.09600695806023302,0.12220108538552188,0.6018518518518519,-0.06522818473419274,-0.05730549002688732,-0.030480117875450182
e1,MSFT,63,ens_mae_da_expanding,3780,0.09820760541012125,0.12416106214604158,0.5873015873015873,-0.1079766014324706,-0.11629506500822716,-0.028739250130362694
e1,MSFT,63,ens_mae_da_last3,3780,0.09720453132191777,0.12446328864797364,0.5952380952380952,-0.08798626508926455,-0.08013991797633357,-0.026441130023203148
e1,MSFT,63,ens_softmax_ic_expanding,3780,0.09575594193656774,0.12254898240912125,0.5902116402116402,-0.08961552342049268,-0.07182797537257866,-0.027316959129333723
e1,MSFT,63,ens_softmax_ic_last3,3780,0.09552298310328435,0.12100510931928407,0.5933862433862434,-0.0814104465220738,-0.06621092587326789,-0.028513619450048534
e1,MSFT,63,huber,3780,0.09841832912878194,0.1270812279314646,0.5674603174603174,-0.0345257383996206,-0.006957213642337817,-0.029408645897102223
e1,MSFT,63,lgbm_reg,3780,0.09815308954654707,0.12205841954966676,0.578042328042328,-0.08263767826225651,-0.08875277677316534,-0.028080311016054696
e1,MSFT,63,pls,3780,0.09603943499640283,0.12025935152889687,0.5685185185185185,-0.025373653951891575,-0.009204582183381643,-0.032477429373459626
e1,MSFT,63,xgb,3780,0.10329255199340621,0.12991898915799474,0.5396825396825397,-0.09399263856087627,-0.07237356261087055,-0.03296857175526923
e2,AAPL,5,elasticnet@market,1512,0.03174370308001338,0.04259702529596144,0.5403439153439153,0.025878526916686344,0.05615112093315775,0.00020789524346692472
e2,AAPL,5,elasticnet@sent,1512,0.03197903811752231,0.04270401104681987,0.5317460317460317,0.05289094798451491,0.06666147944515045,-0.003391898036115711
e2,AAPL,5,ens_best_recent_expanding,1512,0.031478884263775195,0.0418793799319125,0.5416666666666666,0.09066287785023937,0.07963162659303713,0.000432792130703324
e2,AAPL,5,ens_best_recent_last3,1512,0.031478884263775195,0.0418793799319125,0.5416666666666666,0.09066287785023937,0.07963162659303713,0.000432792130703324
e2,AAPL,5,ens_equal_expanding,1512,0.031285661163559,0.04172763352900576,0.5284391534391535,0.09999525465945802,0.09921049599801103,-0.00042721440897587474
e2,AAPL,5,ens_inv_mae_expanding,1512,0.03128507664465005,0.0417215387696367,0.5271164021164021,0.10050382156061469,0.09973909129779956,-0.0003956542115016425
e2,AAPL,5,ens_inv_mae_last3,1512,0.03128588920272278,0.04172234516100535,0.5277777777777778,0.10034353832936369,0.09965702335733431,-0.00039763799663472413
e2,AAPL,5,ens_mae_da_expanding,1512,0.0312492754872905,0.04167829110991738,0.5403439153439153,0.10093501892963397,0.10495745974978901,0.0005188755021477879
e2,AAPL,5,ens_mae_da_last3,1512,0.03128187814468225,0.041702023253252916,0.5383597883597884,0.09772645981050739,0.09968250121753204,0.00047051721858411727
e2,AAPL,5,ens_softmax_ic_expanding,1512,0.031295251704113854,0.04170804633201943,0.5376984126984127,0.10118589738763724,0.10028165619963683,-7.653477187303325e-05
e2,AAPL,5,ens_softmax_ic_last3,1512,0.03130759967436288,0.0417055350895355,0.5357142857142857,0.10230431775446241,0.10037015348975273,-2.0907227350827663e-05
e2,AAPL,5,huber@market,1512,0.03217254374755121,0.043045020427192715,0.5251322751322751,0.05473949069746559,0.03944228613398477,0.0025674595781201184
e2,AAPL,5,huber@sent,1512,0.03213777745931908,0.042811942510633236,0.5251322751322751,0.0876573054011808,0.07799784969498326,-0.0005397166577380608
e2,AAPL,5,lgbm_reg@market,1512,0.03145290045863647,0.04161866875815038,0.5548941798941799,0.09976576478903763,0.08475932455141105,0.00042369871840084437
e2,AAPL,5,lgbm_reg@sent,1512,0.031459865082340735,0.04158234152745872,0.5304232804232805,0.11245595586080263,0.10536960119750872,-0.001489336464985833
e2,AAPL,5,pls@market,1512,0.031338833295478416,0.04184885513396641,0.5582010582010583,0.09780783254268743,0.101268950186975,0.0013247215081354125
e2,AAPL,5,pls@sent,1512,0.03136679771232715,0.041799104835057194,0.5588624338624338,0.11967019377800858,0.11953465616994101,-0.0005485976294246734
e2,AAPL,5,xgb@market,1512,0.03214477014340016,0.04248238497311245,0.5211640211640212,0.07185668193660269,0.05080798599623074,-0.000738930419623079
e2,AAPL,5,xgb@sent,1512,0.03197667752086448,0.04226538404643705,0.501984126984127,0.08787739228970524,0.05740636466317231,-0.002087439929994689
e2,AAPL,21,elasticnet@market,1512,0.07142029473560269,0.09241109587193054,0.5205026455026455,-0.05350702472207332,0.05366586138020821,0.011038622171290115
e2,AAPL,21,elasticnet@sent,1512,0.07103589427250781,0.09168558456373879,0.5529100529100529,-0.005865937735552781,0.07027760675082824,-0.005252241252944357
e2,AAPL,21,ens_best_recent_expanding,1512,0.06902984284249046,0.08693669731066642,0.5529100529100529,0.10083455704639326,0.11609732518988852,-0.0063173134723343944
e2,AAPL,21,ens_best_recent_last3,1512,0.06934003139123367,0.08735451013615911,0.5496031746031746,0.08875337492548808,0.10197841781189805,-0.006297458736445743
e2,AAPL,21,ens_equal_expanding,1512,0.06596563348812268,0.0838677650194335,0.5582010582010583,0.10768961486274387,0.13241978454193962,0.0007187702707053403
e2,AAPL,21,ens_inv_mae_expanding,1512,0.06596668092695059,0.08383572761937702,0.5648148148148148,0.10748365649259391,0.12325829803214201,7.359412109373632e-05
e2,AAPL,21,ens_inv_mae_last3,1512,0.06595963628212628,0.08383392737693011,0.5621693121693122,0.10773198921620376,0.1235574051253123,-3.082014091723486e-05
e2,AAPL,21,ens_mae_da_expanding,1512,0.06610534329663563,0.08378488336174884,0.5595238095238095,0.10644464993941462,0.10389042030304192,-7.096054343094191e-06
e2,AAPL,21,ens_mae_da_last3,1512,0.0661409009792226,0.08388696599808496,0.5482804232804233,0.10507983748438728,0.10029207785603603,-0.0006350977817168345
e2,AAPL,21,ens_softmax_ic_expanding,1512,0.06638677927753113,0.08417038829771703,0.5462962962962963,0.11251442824974763,0.11568464564865052,-0.0023884681690916755
e2,AAPL,21,ens_softmax_ic_last3,1512,0.06657000875906631,0.08442703031306066,0.5423280423280423,0.10751212032834473,0.11290604875367508,-0.003195492221319297
e2,AAPL,21,huber@market,1512,0.06944591481945857,0.08755355282030323,0.53505291005291,0.10745930042314299,0.1324192568631346,0.015008701160328044
e2,AAPL,21,huber@sent,1512,0.06895287258219507,0.086775172773522,0.5648148148148148,0.14663546620757958,0.16676158983486214,0.0005678106438727075
e2,AAPL,21,lgbm_reg@market,1512,0.06671093995588825,0.0840406138974668,0.6038359788359788,0.08278965907794533,0.0458932636725102,0.0014179404817282336
e2,AAPL,21,lgbm_reg@sent,1512,0.06645689486461964,0.08393138623237181,0.5687830687830688,0.10535538103997145,0.0815058375613424,-0.0055179511515073935
e2,AAPL,21,pls@market,1512,0.06696844344212603,0.08681521864663648,0.5747354497354498,0.033020892875683806,0.13067753840531396,-0.00011415872186988926
e2,AAPL,21,pls@sent,1512,0.06723809123314979,0.0857210483506359,0.5727513227513228,0.12116053427786075,0.15952286421500292,-0.008148046209194015
e2,AAPL,21,xgb@market,1512,0.0672887346404436,0.08469937559997363,0.5542328042328042,0.14805615794368288,0.1114905295297773,0.0046466758043898805
e2,AAPL,21,xgb@sent,1512,0.06757760410285947,0.08540079163801072,0.5277777777777778,0.12359986930161959,0.08894163393421373,-0.006459650219039943
e2,AAPL,63,elasticnet@market,1512,0.12240809664262227,0.15940218792507174,0.6078042328042328,0.14458592737703851,0.14936760576622124,0.031227842055587346
e2,AAPL,63,elasticnet@sent,1512,0.12260503896560807,0.16060481687518013,0.5641534391534392,0.16574759849372167,0.11699555949259488,0.010126097167699076
e2,AAPL,63,ens_best_recent_expanding,1512,0.1180151496773335,0.1513631912380268,0.6011904761904762,0.1262268131842117,0.0815595568646769,0.00572872319942957
e2,AAPL,63,ens_best_recent_last3,1512,0.11712372622877239,0.1504408936291187,0.6018518518518519,0.13943735954289074,0.09710548126620037,0.0023076546422157286
e2,AAPL,63,ens_equal_expanding,1512,0.11363906791047433,0.1467369544122922,0.6157407407407407,0.16551369802534485,0.1272522398906444,0.003014531314153253
e2,AAPL,63,ens_inv_mae_expanding,1512,0.11380828975071147,0.14663392706529618,0.6170634920634921,0.16648614842125714,0.12732267112483048,0.0037181381389126164
e2,AAPL,63,ens_inv_mae_last3,1512,0.11383122220834348,0.146625989914798,0.6164021164021164,0.16686609826898852,0.128976329710492,0.0039013463324314417
e2,AAPL,63,ens_mae_da_expanding,1512,0.11635473820144306,0.14828178289110008,0.625,0.14239831414609241,0.09225708491939869,0.00853483384398426
e2,AAPL,63,ens_mae_da_last3,1512,0.11666509384416476,0.14846130516913084,0.625,0.14314870800928714,0.09057866708875416,0.009765417737714754
e2,AAPL,63,ens_softmax_ic_expanding,1512,0.11481141591344056,0.14721699714468173,0.6058201058201058,0.173495441293168,0.11624682492712181,-0.0029302132252375644
e2,AAPL,63,ens_softmax_ic_last3,1512,0.11600435663647521,0.14869422326484957,0.6097883597883598,0.15872348965104896,0.10918219165406677,-0.0007471001786455439
e2,AAPL,63,huber@market,1512,0.12690043244671625,0.16559308583578655,0.6025132275132276,-0.026281076908996424,0.053746214364557135,0.021309663512544534
e2,AAPL,63,huber@sent,1512,0.12733637519234273,0.1667810418459286,0.546957671957672,0.1353096212938882,0.07530179981728288,-0.0012426813179811772
e2,AAPL,63,lgbm_reg@market,1512,0.12033896076987473,0.15348535183914613,0.6203703703703703,0.06887876781396388,0.05781124076487116,0.0014381804342396174
e2,AAPL,63,lgbm_reg@sent,1512,0.11830016126132431,0.15078326108464854,0.6236772486772487,0.11240014017687805,0.10672937768237287,-0.007582550165882001
e2,AAPL,63,pls@market,1512,0.1205030171835704,0.15664247444357882,0.6144179894179894,-0.006720495062566242,0.008999503002940232,-0.0023373699742143613
e2,AAPL,63,pls@sent,1512,0.12004224538124532,0.15441088032263714,0.5793650793650794,0.08670927873605938,0.08204220570879174,-0.016227927475611758
e2,AAPL,63,xgb@market,1512,0.12122823209694321,0.14993410536830598,0.6018518518518519,0.19733290670710849,0.1565553517723072,0.0033107369355776044
e2,AAPL,63,xgb@sent,1512,0.11882551289142124,0.14672973664431493,0.5806878306878307,0.23026991405666022,0.15064173484294185,-0.009876678030426333
e2,JPM,5,elasticnet@market,1512,0.03330806871423029,0.04501151521040229,0.4669312169312169,0.047899095015940495,-0.0037368633439239718,0.0013204011689190796
e2,JPM,5,elasticnet@sent,1512,0.0337568936174419,0.04545672409048808,0.458994708994709,0.02723832485781538,-0.027684776148205626,0.002223088083681735
e2,JPM,5,ens_best_recent_expanding,1512,0.031196930482694816,0.042939112948686256,0.5158730158730159,0.03074453845171321,0.0042975654693849525,0.0006759102535614961
e2,JPM,5,ens_best_recent_last3,1512,0.031196930482694816,0.042939112948686256,0.5158730158730159,0.03074453845171321,0.0042975654693849525,0.0006759102535614961
e2,JPM,5,ens_equal_expanding,1512,0.031042170554852165,0.0424724538510209,0.5119047619047619,0.05266971904820204,0.005825261571099888,0.002325525443557605
e2,JPM,5,ens_inv_mae_expanding,1512,0.0309097408774591,0.042371349608300746,0.5244708994708994,0.05406556646653538,0.010067155190721168,0.0023715315090532827
e2,JPM,5,ens_inv_mae_last3,1512,0.030900923827547777,0.042366531394730574,0.5251322751322751,0.054469282321687434,0.010394656264085384,0.002393191394118984
e2,JPM,5,ens_mae_da_expanding,1512,0.030417893160755525,0.042123181574102546,0.5317460317460317,0.055620904697512755,0.03046006637413062,0.00242980115340727
e2,JPM,5,ens_mae_da_last3,1512,0.030370077977745255,0.04209352664854136,0.5363756613756614,0.060415978292412464,0.036062630131462554,0.002524181500585626
e2,JPM,5,ens_softmax_ic_expanding,1512,0.0311362534378958,0.042624377988880434,0.5231481481481481,0.05532699775807514,0.016600065284109376,0.0016369170497271938
e2,JPM,5,ens_softmax_ic_last3,1512,0.031028256617533802,0.042566512858040854,0.5264550264550265,0.060993307099327584,0.02450166484442309,0.0018944691160558444
e2,JPM,5,huber@market,1512,0.03281244471284318,0.04495710320749311,0.49272486772486773,0.05294915262857428,-0.007932430583152317,0.0016571885249259534
e2,JPM,5,huber@sent,1512,0.03295971090721794,0.04500256946589182,0.48214285714285715,0.03511533579101628,-0.029052228000038025,0.002494572495795622
e2,JPM,5,lgbm_reg@market,1512,0.030296933919249872,0.042025798314687446,0.5324074074074074,-0.023999019207314124,-0.006191618236116158,0.0010542538548068139
e2,JPM,5,lgbm_reg@sent,1512,0.030239943548179528,0.04204838259192172,0.5317460317460317,-0.036583244233976096,-0.01784526749583933,0.0006892054058556844
e2,JPM,5,pls@market,1512,0.031187206926067856,0.042391327541945925,0.49537037037037035,0.032341704241262384,-0.010493224582006373,0.001131018508910568
e2,JPM,5,pls@sent,1512,0.03122587126268294,0.042547134452823474,0.5211640211640212,0.017827928525685013,-0.03328447933096049,0.0020738147807171157
e2,JPM,5,xgb@market,1512,0.03089457796341796,0.042944793175815225,0.5436507936507936,0.1004736680812867,0.0731382043349656,0.0053972070926933515
e2,JPM,5,xgb@sent,1512,0.030837598191540732,0.042676080038871536,0.546957671957672,0.10934179827798296,0.07118237640966074,0.005214504519270122
e2,JPM,21,elasticnet@market,1512,0.07633179390818962,0.09955518830485129,0.49933862433862436,0.05532942194422496,-0.021160069358935312,-0.005646943509559994
e2,JPM,21,elasticnet@sent,1512,0.07664838629246822,0.09900592977643785,0.5066137566137566,0.05833918076832343,-0.027480158252817705,-0.0036447632641333433
e2,JPM,21,ens_best_recent_expanding,1512,0.06559709706702763,0.08598122463641185,0.5615079365079365,0.05460022428071743,-0.0029830307730684042,0.001546120668917719
e2,JPM,21,ens_best_recent_last3,1512,0.06601365926736817,0.08630133905730157,0.5476190476190477,0.046233776115313784,-0.01807929650194985,-0.0004067069478624268
e2,JPM,21,ens_equal_expanding,1512,0.0657382530844242,0.08518897856294573,0.5257936507936508,0.06956965327876367,-0.010535617663212045,-0.0011524547970833405
e2,JPM,21,ens_inv_mae_expanding,1512,0.06452095352820199,0.08405980687060678,0.5363756613756614,0.07538948826200258,0.001885011025952778,-0.0006020117863718335
e2,JPM,21,ens_inv_mae_last3,1512,0.0646096821496241,0.0841882271672604,0.53505291005291,0.07230651044732132,-0.0017024168015597684,-0.0007454548435071797
e2,JPM,21,ens_mae_da_expanding,1512,0.06372815268663212,0.08363480721139274,0.541005291005291,0.07296075583542357,0.007086413910046553,-0.0005960436057020966
e2,JPM,21,ens_mae_da_last3,1512,0.06349761976177026,0.08361797322981547,0.5555555555555556,0.07217025063327427,0.01070007640025351,-0.0004506434598547643
e2,JPM,21,ens_softmax_ic_expanding,1512,0.06495885248890745,0.08451990252888301,0.5509259259259259,0.07066349890819919,-0.001829000698056571,-0.0002650080710267684
e2,JPM,21,ens_softmax_ic_last3,1512,0.06499703965739705,0.08467660408882609,0.5568783068783069,0.06889404175231847,-0.002823682188665044,-0.0005999730867576078
e2,JPM,21,huber@market,1512,0.07340289030143624,0.09985351851929893,0.5046296296296297,0.04154015179409955,-0.037770759371945295,-0.006523232959540643
e2,JPM,21,huber@sent,1512,0.07485446428280586,0.1002307442344011,0.5125661375661376,0.029850641779874225,-0.06492598551428642,-0.003169207651991658
e2,JPM,21,lgbm_reg@market,1512,0.06181269163272656,0.08229453988230002,0.5522486772486772,0.03203539147475552,0.012510870563190318,-0.0007651429687212061
e2,JPM,21,lgbm_reg@sent,1512,0.06086994128229675,0.08167706766781889,0.5615079365079365,0.03917760351121144,0.01897356633634448,0.0013212580657383246
e2,JPM,21,pls@market,1512,0.06325796606092943,0.08221669749098505,0.5634920634920635,0.11228064973310567,0.06053133409164943,-0.0025025517713730865
e2,JPM,21,pls@sent,1512,0.062040769841873955,0.08134489409248032,0.5846560846560847,0.12768317213081945,0.07565394904507111,0.00349122476677194
e2,JPM,21,xgb@market,1512,0.0654107554408375,0.0854053870732567,0.5218253968253969,0.0637677107182122,0.01803387276138233,0.002484350131766443
e2,JPM,21,xgb@sent,1512,0.0641686961537293,0.08420799839701604,0.5244708994708994,0.06999100501815393,0.01502215291963425,0.003430461190209799
e2,JPM,63,elasticnet@market,1512,0.1413001523129983,0.1744346976570638,0.5119047619047619,-0.0017053832564119236,-0.027158340141604967,-0.021023734748755737
e2,JPM,63,elasticnet@sent,1512,0.14925837904798203,0.18247401269029703,0.46296296296296297,-0.02726204768943773,-0.08111078318650634,-0.023939752909478758
e2,JPM,63,ens_best_recent_expanding,1512,0.12615363040450964,0.15831935785898504,0.5423280423280423,-0.015944624406867607,-0.021395820279792106,-0.02295161305792836
e2,JPM,63,ens_best_recent_last3,1512,0.12344982340388014,0.15360603331443806,0.5324074074074074,-0.03269377959727207,-0.05835965808329741,-0.020650773699821455
e2,JPM,63,ens_equal_expanding,1512,0.12370624816578363,0.1531595492224079,0.542989417989418,-0.018273201189870775,-0.03594009231976761,-0.020685587906730623
e2,JPM,63,ens_inv_mae_expanding,1512,0.12022630013565631,0.1500765223539329,0.5535714285714286,-0.018374195861445456,-0.029210833643014834,-0.020313266337793737
e2,JPM,63,ens_inv_mae_last3,1512,0.11991470287661866,0.14984450576446673,0.5535714285714286,-0.020312490441905216,-0.03216487679751789,-0.02007897506769089
e2,JPM,63,ens_mae_da_expanding,1512,0.11916689196912808,0.15002478399916447,0.5654761904761905,-0.012160612314997082,-0.008395800262713225,-0.02111384383917
e2,JPM,63,ens_mae_da_last3,1512,0.11726980033243241,0.14842532449620954,0.5720899470899471,-0.022549873251627293,-0.020743866173045362,-0.019607264561134426
e2,JPM,63,ens_softmax_ic_expanding,1512,0.12277076511297311,0.15319644910537317,0.5482804232804233,-0.01808655003857109,-0.019626905534086317,-0.022569006186643863
e2,JPM,63,ens_softmax_ic_last3,1512,0.12170943461829899,0.15163047218660838,0.548941798941799,-0.022156298193361644,-0.02958169116738375,-0.021671690618147027
e2,JPM,63,huber@market,1512,0.13673662373079132,0.17312281331978036,0.4933862433862434,-0.06145329849176418,-0.0793715850892939,-0.02633548809217733
e2,JPM,63,huber@sent,1512,0.14639399264056388,0.18254269287352914,0.49206349206349204,-0.08456525325880719,-0.128395764991551,-0.026700955653165832
e2,JPM,63,lgbm_reg@market,1512,0.11362109857155145,0.14271067176855007,0.5972222222222222,0.02999348073008802,0.03548639313440524,-0.02004275864014912
e2,JPM,63,lgbm_reg@sent,1512,0.11268177863488582,0.14198453165140065,0.6044973544973545,0.028403813836558323,0.03141219199308555,-0.01866882521140944
e2,JPM,63,pls@market,1512,0.11727960948673866,0.14838919192191447,0.5826719576719577,-0.02391779552219879,-0.03208898825358513,-0.024945086078294886
e2,JPM,63,pls@sent,1512,0.11721753284594755,0.14924890447850514,0.5720899470899471,-0.05362918781905888,-0.06170709967322865,-0.020644073907849635
e2,JPM,63,xgb@market,1512,0.12296425299605768,0.15262339993010393,0.5985449735449735,0.05490131796759503,0.053074795158733035,-0.01223015443974053
e2,JPM,63,xgb@sent,1512,0.12317207997971355,0.15310418713864948,0.583994708994709,0.02846999274805668,0.024552995473230994,-0.012325049386285022
e2,MSFT,5,elasticnet@market,1512,0.02983915518472358,0.03916369266915121,0.5119047619047619,0.006826749036580121,0.0035539584106755976,0.0021242404741809
e2,MSFT,5,elasticnet@sent,1512,0.03017497735374599,0.03945584984937809,0.49603174603174605,-0.009394132268480404,-0.03020861871817389,0.0011023728999028635
e2,MSFT,5,ens_best_recent_expanding,1512,0.02893670824723781,0.03763445610938099,0.5291005291005291,0.053318548566484464,0.039499917685577986,0.0007724219502563415
e2,MSFT,5,ens_best_recent_last3,1512,0.02893670824723781,0.03763445610938099,0.5291005291005291,0.053318548566484464,0.039499917685577986,0.0007724219502563415
e2,MSFT,5,ens_equal_expanding,1512,0.028797922926288022,0.03756973990243993,0.5291005291005291,0.02946706911882723,0.014477329734730518,0.0014136956329107578
e2,MSFT,5,ens_inv_mae_expanding,1512,0.02876380007037944,0.03752817893434465,0.5304232804232805,0.030826546798112937,0.01560852381514081,0.0014296496160690504
e2,MSFT,5,ens_inv_mae_last3,1512,0.028763630234936388,0.03752921571144203,0.5297619047619048,0.030713584367671645,0.015393199618552102,0.0014344592591350118
e2,MSFT,5,ens_mae_da_expanding,1512,0.028433651165880338,0.03709161632730311,0.5357142857142857,0.04675016400523942,0.025525431136322493,0.0014485222468069452
e2,MSFT,5,ens_mae_da_last3,1512,0.02847825743748171,0.03714531417227716,0.531084656084656,0.04352492535223672,0.01952961128283932,0.0015122555278128985
e2,MSFT,5,ens_softmax_ic_expanding,1512,0.028671867588580605,0.03743285465073875,0.5370370370370371,0.03941720816286591,0.02405775850000467,0.0014313333070524654
e2,MSFT,5,ens_softmax_ic_last3,1512,0.028672804483387777,0.03744086757775796,0.5357142857142857,0.03811066711750529,0.02195316365974107,0.0014425533348830695
e2,MSFT,5,huber@market,1512,0.02929032618839976,0.03832011094724874,0.5092592592592593,-0.008439080910143483,-0.026685321223326938,0.002369197655559597
e2,MSFT,5,huber@sent,1512,0.03004697153196201,0.038954568388480694,0.49206349206349204,-0.01647782605426367,-0.043418776404639495,-0.0001259766696163421
e2,MSFT,5,lgbm_reg@market,1512,0.028296371991086984,0.036888102884421785,0.5363756613756614,0.043014703768188965,0.03310496091839358,0.002058835516936476
e2,MSFT,5,lgbm_reg@sent,1512,0.028489735379018194,0.03700953298207576,0.5218253968253969,0.029552363430517398,0.015974725962683844,0.0006812866182638081
e2,MSFT,5,pls@market,1512,0.028324592013313776,0.036753011248372665,0.5416666666666666,0.07456919223395261,0.05001340755468996,0.0017236448320910394
e2,MSFT,5,pls@sent,1512,0.02883394011049936,0.037380086891883435,0.5191798941798942,0.03427892458599031,0.006705381210825533,0.00033480676179815683
e2,MSFT,5,xgb@market,1512,0.028999948088468924,0.03831028675676689,0.5396825396825397,0.07378529036954608,0.06450285654408056,0.002792922072867886
e2,MSFT,5,xgb@sent,1512,0.02926152739144372,0.03835991901256414,0.5271164021164021,0.05461800975850818,0.04176186842844178,0.0010756261671231887
e2,MSFT,21,elasticnet@market,1512,0.06604752971779523,0.08500360297363893,0.5125661375661376,-0.035072031865313075,-0.039713037434527296,0.005415442195390962
e2,MSFT,21,elasticnet@sent,1512,0.06945905911328439,0.08840024637789254,0.5085978835978836,-0.05520272676170316,-0.08580878743375141,0.006009915782541645
e2,MSFT,21,ens_best_recent_expanding,1512,0.060121031571313925,0.0763898218651039,0.5363756613756614,0.02073810810274282,-0.0022774408930480534,0.0034575624307482634
e2,MSFT,21,ens_best_recent_last3,1512,0.06145286829208374,0.07785759965007745,0.5337301587301587,-0.03169296162956207,-0.07038897822282764,0.006059427757668495
e2,MSFT,21,ens_equal_expanding,1512,0.06324794233859633,0.08066861793496813,0.5390211640211641,-0.03206238927847001,-0.04413384367372373,0.008318438824190281
e2,MSFT,21,ens_inv_mae_expanding,1512,0.06305714864179494,0.08028475043134313,0.5396825396825397,-0.03230340696631011,-0.05116921507409766,0.008315598066409793
e2,MSFT,21,ens_inv_mae_last3,1512,0.06306255519541513,0.08028991472238078,0.5396825396825397,-0.03264174329850192,-0.05160793834162035,0.008306444120931964
e2,MSFT,21,ens_mae_da_expanding,1512,0.06163140157406246,0.07801829550819411,0.5443121693121693,-0.019376819378727442,-0.053169641952364635,0.007007902800549646
e2,MSFT,21,ens_mae_da_last3,1512,0.061723344088683685,0.0781147732431472,0.542989417989418,-0.019747903119332624,-0.054476414212003804,0.007374415878949794
e2,MSFT,21,ens_softmax_ic_expanding,1512,0.06129837900081412,0.07760539930932897,0.5337301587301587,-0.014553768615115167,-0.054071545705708574,0.0058885240967416885
e2,MSFT,21,ens_softmax_ic_last3,1512,0.061456669275236915,0.0777701557178202,0.5337301587301587,-0.020871707456136417,-0.06573827066005376,0.0061608212746290004
e2,MSFT,21,huber@market,1512,0.06505423336147685,0.08461881104277659,0.5152116402116402,-0.06018749415849411,-0.06475863495853058,0.005775160228356283
e2,MSFT,21,huber@sent,1512,0.06892655499530422,0.08842893097626203,0.49867724867724866,-0.09252798253061391,-0.11883691551214536,0.005692423177457958
e2,MSFT,21,lgbm_reg@market,1512,0.06149126545201081,0.07752506069941285,0.5383597883597884,-0.03423902918613371,-0.06621942902157034,0.008071506059587221
e2,MSFT,21,lgbm_reg@sent,1512,0.061521659341621154,0.07746733913056968,0.5403439153439153,-0.02377046416043425,-0.06177936389694797,0.007863041218010017
e2,MSFT,21,pls@market,1512,0.05912179391451167,0.07544766158480189,0.5582010582010583,0.06711825303203724,0.05543377631344132,0.005565372137757322
e2,MSFT,21,pls@sent,1512,0.06248281112931305,0.07858412016835865,0.5634920634920635,-0.005058117046694704,-0.04686952847850919,0.00864075418600113
e2,MSFT,21,xgb@market,1512,0.0663249312600149,0.08443285101299385,0.5264550264550265,-0.0068351661666710495,-0.052319292810836,0.013922548352144319
e2,MSFT,21,xgb@sent,1512,0.06652411262000466,0.08510600843878656,0.5396825396825397,-0.0008512677417525879,-0.0337102223653065,0.016228224904655916
e2,MSFT,63,elasticnet@market,1512,0.12061199147055394,0.15140425947130046,0.5396825396825397,-0.16122929557106241,-0.17564920410171123,0.0030374005524143326
e2,MSFT,63,elasticnet@sent,1512,0.12972596306872128,0.1581426772625477,0.4828042328042328,-0.17273425305625528,-0.21158594982695225,-0.007503452016098652
e2,MSFT,63,ens_best_recent_expanding,1512,0.1297206175009258,0.16292975902935172,0.5648148148148148,-0.3310582064932792,-0.35236252867051227,0.015176701947677817
e2,MSFT,63,ens_best_recent_last3,1512,0.1297206175009258,0.16292975902935172,0.5648148148148148,-0.3310582064932792,-0.35236252867051227,0.015176701947677817
e2,MSFT,63,ens_equal_expanding,1512,0.12066295660354792,0.15080486289312606,0.5628306878306878,-0.25817235616510376,-0.2815412142593338,0.013456975439561227
e2,MSFT,63,ens_inv_mae_expanding,1512,0.12302781791445304,0.15387413617590504,0.5648148148148148,-0.26343585144195913,-0.29800013412762044,0.015922320555070917
e2,MSFT,63,ens_inv_mae_last3,1512,0.12258117243487279,0.1533476945424182,0.5648148148148148,-0.2533304968311415,-0.2825547706819351,0.015255215636016782
e2,MSFT,63,ens_mae_da_expanding,1512,0.12469098695791624,0.1564588678944903,0.5773809523809523,-0.26424440208880895,-0.3014406485383585,0.022953818371842502
e2,MSFT,63,ens_mae_da_last3,1512,0.12310350031668299,0.15438593519597313,0.5773809523809523,-0.23349582493110965,-0.2628931390222788,0.0217366382065838
e2,MSFT,63,ens_softmax_ic_expanding,1512,0.12479676977040778,0.15633964735921524,0.5753968253968254,-0.27710787770819156,-0.31370382064936164,0.019378957946306518
e2,MSFT,63,ens_softmax_ic_last3,1512,0.1254303951749853,0.15725720890556688,0.5747354497354498,-0.2882393544118856,-0.3201552703215547,0.02004150295109118
e2,MSFT,63,huber@market,1512,0.12157345130942253,0.15300656271554075,0.5264550264550265,-0.2352850675796856,-0.22974108627083964,0.00429744353837809
e2,MSFT,63,huber@sent,1512,0.13555503961852863,0.16475120258965203,0.43187830687830686,-0.25458051719711566,-0.28564031000602114,-0.019202881685536372
e2,MSFT,63,lgbm_reg@market,1512,0.11857725442034239,0.1506004600517346,0.6243386243386243,-0.25832943362414185,-0.265676403066482,0.03119225437185673
e2,MSFT,63,lgbm_reg@sent,1512,0.11900659971920056,0.1505134508429041,0.6164021164021164,-0.2622968279045188,-0.2817376590501273,0.025825161305101995
e2,MSFT,63,pls@market,1512,0.11862112145383252,0.14920048066000033,0.5634920634920635,-0.20444891872275067,-0.16574516589454413,0.017260955375075746
e2,MSFT,63,pls@sent,1512,0.12911574949459065,0.15792725964914983,0.5297619047619048,-0.2662690246797056,-0.2975946962836672,0.006462931093122352
e2,MSFT,63,xgb@market,1512,0.12263079369441843,0.15688913617097955,0.6150793650793651,-0.21630118003709964,-0.20985087595618956,0.03733659147171804
e2,MSFT,63,xgb@sent,1512,0.12578429197773355,0.16071637741250838,0.6104497354497355,-0.2580743701198068,-0.26335436848514987,0.03586335038958002
